{"cameraMode":{"drawMode":0,"name":"Shaded","section":"Shading Mode"},"sceneLighting":false,"audioPlay":false,"sceneViewState":{"showFog":true,"showMaterialUpdate":false,"showSkybox":false,"showFlares":true,"showImageEffects":true,"showParticleSystems":true,"showVisualEffectGraphs":true,"m_FxEnabled":true},"in2DMode":false,"pivot":{"x":0.9549926519393921,"y":-0.32116806507110598,"z":2.1727547645568849},"rotation":{"x":0.20716257393360139,"y":0.4280168414115906,"z":-0.1016259714961052,"w":0.8739833831787109},"size":0.2057245820760727,"orthographic":false}