{"cameraMode":{"drawMode":0,"name":"Shaded","section":"Shading Mode"},"sceneLighting":false,"audioPlay":false,"sceneViewState":{"showFog":true,"showMaterialUpdate":false,"showSkybox":false,"showFlares":true,"showImageEffects":true,"showParticleSystems":true,"showVisualEffectGraphs":true,"m_FxEnabled":true},"in2DMode":false,"pivot":{"x":0.016265064477920533,"y":0.0582544207572937,"z":0.018246471881866456},"rotation":{"x":0.16768941283226014,"y":0.21027807891368867,"z":-0.03663788363337517,"w":0.962450385093689},"size":0.43588986992836,"orthographic":false}