{"cameraMode":{"drawMode":0,"name":"Shaded","section":"Shading Mode"},"sceneLighting":false,"audioPlay":false,"sceneViewState":{"showFog":true,"showMaterialUpdate":false,"showSkybox":false,"showFlares":true,"showImageEffects":true,"showParticleSystems":true,"showVisualEffectGraphs":true,"m_FxEnabled":true},"in2DMode":false,"pivot":{"x":-5.374000072479248,"y":0.05389106273651123,"z":-1.6150000095367432},"rotation":{"x":0.10068925470113754,"y":0.5241031646728516,"z":-0.06257850676774979,"w":0.8435571193695068},"size":2.2336645126342775,"orthographic":false}